,count
выпуска,3863
модель,3228
двигателя,2274
номер,2119
год,2045
автомобиля,1982
тс,1953
цвет,1915
автомобиль,1634
знак,1205
птс,1184
шасси,1151
lada,1106
года,1094
кузова,974
регистрационный,938
тип,902
от,773
грузовой,739
машины,726
двигатель,632
регистрации,624
гос,598
benz,581
кузов,578
mercedes,553
легковой,528
рама,515
заводской,513
наименование,500
маркамодель,487
белый,485
рамы,484
государственный,480
свидетельство,443
паспорт,430
изготовления,425
самосвал,423
vin,415
марка,410
toyota,395
средства,385
тягач,380
транспортного,380
серия,370
марки,368
отсутствует,360
мощность,354
полуприцеп,346
выдан,343
стоимость,338
hyundai,338
седельный,329
передач,319
см,308
страна,306
квт,304
объем,299
камаз,294
kia,291
псм,284
трактор,278
volkswagen,273
изготовитель,267
коробка,266
изгот,248
рег,244
категория,243
ford,239
nissan,235
на,235
черный,232
мост,229
рабочий,228
прицеп,221
форд,220
кабинаприцеп,219
комбайн,219
белаз,209
двигателял,208
matic,204
ведущий,202
масса,200
зав,199
фургон,195
двигателякуб,189
синий,186
маз,186
не,184
renault,182
зерноуборочный,181
организация,181
mitsubishi,175
инвентарный,172
кабиныприцепа,171
газ,171
volvo,171
chevrolet,170
land,169
без,161
bmw,161
основной,158
ве,153
ооо,153
отсутствуетцвет,152
серый,148
экскаватор,147
granta,145
выдано,143
карьерный,142
рублей,141
максимальная,137
самоходной,137
серебристый,135
кг,134
выпускацвет,132
рублейзалоговая,131
погрузчик,130
бортовой,130
дата,128
красный,125
mazda,124
идентификационный,123
россия,123
организ,121
daewoo,120
отсутствуеткузов,119
желтый,118
рсм,117
автобус,113
беларус,112
ваз,109
rus,109
cruiser,108
rio,108
audi,108
зеленый,104
темно,104
куб,103
ямз,101
john,101
мосты,101
opel,101
массакг,97
тдтпо,97
ws,96
фокусгод,96
ма,95
са,95
kiakia,95
cdi,94
легковойв,94
deere,93
по,92
honda,91
lexus,91
кузовкабина,91
ст,91
колесный,91
skoda,90
движителя,87
свидетельства,86
оранжевый,86
гибдд,86
rover,84
тт,83
жатка,83
нагрузки,83
ет,83
truck,82
iveco,81
ml,81
выдачи,80
кабины,80
ув,80
нк,79
машина,78
priora,78
коляска,78
solaris,78
ун,77
цистерна,77
разрешенная,77
уаз,76
ур,75
хтс,74
выпусказаводской,74
уе,73
оценочная,72
gl,71
оао,70
ут,69
кс,69
fm,68
бензиновый,68
зао,67
largus,67
но,67
урал,66
техники,66
glk,66
вв,66
дизельный,66
мотор,65
нефаз,65
ус,64
peugeot,64
самоходная,64
нв,63
серо,62
отсутствуетномер,62
нм,62
косилка,62
нс,61
grand,61
нагрузкикг,60
та,60
xw,59
schmitz,59
белыйптс,59
ва,59
ew,59
средство,58
prioraгод,58
нх,57
видов,57
ре,56
вид,56
уа,56
паспорта,55
других,55
выпускадвигатель,55
уо,55
acr,55
вн,54
класс,54
corolla,54
astra,53
ер,53
транспортное,53
компани,53
автомобильный,53
ту,53
cee,52
kl,52
белыймощность,52
коричневый,52
kalina,52
cc,52
мм,51
мк,51
фокус,51
acros,51
нн,51
нр,51
белыйрегистрационный,50
scania,50
отсутствуетоценочная,50
bluetec,50
мх,50
poloгод,50
тв,50
fe,49
конструкционная,49
man,49
нт,48
тх,48
geely,48
адрес,48
япония,48
ssangyong,48
hd,48
great,47
la,47
для,47
кран,47
jcb,47
хх,47
lancer,47
синийптс,47
экологический,46
camry,46
то,46
собственник,46
ее,46
сзап,46
инв,45
honeybee,45
at,45
ук,45
rioгод,45
cruzeгод,44
завод,44
св,44
изотермический,44
ак,44
cx,44
выпускагос,44
мрэо,44
samara,43
тойота,43
мн,43
км,43
автомашина,43
самоходный,42
nexia,42
светло,42
выпускамодель,42
rx,42
sls,42
вк,42
двиг,42
almera,42
мо,42
ум,42
киа,41
оо,41
тм,41
тр,41
руб,41
производитель,40
вгод,40
предприятие,40
рефрижератор,40
выпускашасси,40
хранения,40
samaraгод,39
модельномер,39
lc,39
платформой,39
код,39
бмв,39
мт,39
тн,39
wall,39
мр,38
sx,38
dc,38
му,38
во,38
кзс,37
xc,37
fh,37
fx,37
vf,37
hb,37
xdrive,36
sportageslsls,36
ну,35
рус,35
голубой,35
ха,35
ау,35
sr,35
gr,35
отсутствуетосновной,35
легковоймарка,35
ii,34
subaru,34
уу,34
polo,34
таможней,34
германия,34
chery,34
lifan,34
тсп,34
xta,34
iгод,34
grantaгод,34
моторс,34
гусеничный,33
range,33
citroen,33
ип,33
специальный,33
сине,33
be,33
solarisгод,33
daf,33
кабина,33
сат,33
nexiaгод,32
каток,32
базе,32
xtc,32
мерседес,32
серияномер,32
рыночная,32
pajero,32
серии,32
самосвальный,32
mt,32
андрей,32
prado,32
хн,32
cb,32
cr,32
logan,31
jd,31
универсал,31
хв,31
ca,31
автофургон,31
бульдозер,31
rav,31
фронтальный,31
дон,31
кв,30
сагитов,30
тракторный,30
бенц,30
борисович,30
fiat,30
рр,30
ов,30
ме,29
ниссан,29
passatгод,29
нагрузкой,29
km,29
двигателяквт,29
duster,29
залоговая,29
максимальной,29
zzz,29
suzuki,29
разрешенной,29
класса,29
установлено,29
yv,28
camryгод,28
ес,28
touareg,28
автокран,28
автопогрузчик,28
дом,28
отсутствуетшасси,28
мтз,28
actyon,28
автобетоносмеситель,27
infiniti,27
мс,27
ко,27
aveo,27
krone,27
ен,27
cruze,27
бежевый,27
ladaks,27
isuzu,27
белыйгод,26
sprinter,26
chevroletklan,26
те,26
ху,26
eh,26
паз,25
emgrand,25
местонахождение,25
sc,25
xf,25
isf,25
каб,25
sd,25
fc,25
белыйгосударственный,25
центральной,24
wf,24
ed,24
мвд,24
габаритные,24
zx,24
акцизной,24
ix,24
ас,24
ао,24
ag,24
classic,24
lx,24
металлик,24
dr,24
gas,24
dk,24
коробки,24
gls,24
cargobull,23
octavia,23
rapid,23
uaz,23
cla,23
gla,23
porter,23
cgp,23
амур,23
зил,23
хта,23
qashqai,23
рс,23
sb,23
таможня,22
белыйгос,22
rw,22
sorento,22
егод,22
аф,22
teana,22
fabiaмодель,22
вт,22
аа,22
хс,22
faw,22
outlander,22
выпусказав,21
ку,21
номерной,21
жаткой,21
hitachi,21
вектор,21
сортиментовоз,21
fb,21
rg,21
тонар,21
trail,21
accordгод,21
уборки,21
дир,21
шт,21
accentгод,21
выпуск,20
седан,20
россии,20
прицепа,20
хе,20
ladaваз,20
zcnh,20
freightliner,20
вольво,20
focusгод,20
платформа,20
santa,20
zz,20
подсолнечника,20
соответствия,20
амт,20
megane,20
мв,20
автогрейдер,20
размеры,20
mk,20
стс,20
kd,20
легковойгод,19
ру,19
выпускапаспорт,19
wauzzz,19
isbe,19
мицубиси,19
дорожный,19
стоимостью,19
tiggo,19
палессе,19
грузопассажирский,19
ка,19
vitara,19
тентом,19
сс,19
ан,19
со,19
су,19
краю,19
хм,19
крановая,19
ат,19
гу,19
вагон,19
elantra,19
gx,19
comfortгод,18
ауди,18
starexгод,18
джон,18
az,18
вывоза,18
ео,18
tgs,18
ur,18
оа,18
хо,18
ав,18
astraгод,18
sport,18
бкм,18
dodge,18
бурильно,18
uz,18
passat,18
постановки,18
gentra,18
cressoni,18
niva,18
баланс,18
рх,18
jetta,18
кр,18
mersedes,18
выпускаптс,18
мод,18
nz,18
рт,18
выпускарег,18
новый,17
лесовоз,17
sportage,17
рэо,17
ек,17
fd,17
ladars,17
ае,17
golf,17
кгмасса,17
зеленыйгосударственный,17
transit,17
wdb,17
кх,17
matiz,17
сертификат,17
soul,17
сн,17
bb,17
осн,17
дизельныйрабочий,17
gs,17
ах,17
нижегородец,17
amg,17
вс,17
республика,17
акцизная,17
boxer,17
заз,17
ab,17
dt,17
komatsu,17
de,17
xm,17
iii,17
cayenne,16
вишневый,16
yd,16
wd,16
зеленыйпсм,16
красно,16
вед,16
серыйгос,16
вм,16
легковойкатегория,16
модели,16
центральная,16
lf,16
ех,16
civicгод,16
парковки,16
txt,16
четвертый,16
wsm,16
безбортовой,16
автомобильtoyota,16
wdd,16
вис,16
ос,16
хк,16
оценочной,15
кн,15
mr,15
оборудованием,15
кт,15
dгод,15
черныйптс,15
моста,15
asx,15
отсутствуетгод,15
ms,15
грузовойс,15
ке,15
тк,15
cl,15
мест,15
полесье,15
ра,15
xiw,15
имущества,15
ев,15
самосвалshacman,15
договору,15
irito,15
дизель,15
tc,15
chevroleгод,14
гв,14
конструктивная,14
дл,14
самходная,14
хр,14
ленд,14
объм,14
скоростькм,14
башкортостанг,14
ltd,14
mf,14
wp,14
sportag,14
kalinaгод,14
сгод,14
touaregгод,14
ducato,14
цвета,14
аб,14
ke,14
хендэ,14
suv,14
серыйптс,14
сх,14
ps,14
bongo,14
js,14
xlrte,14
дв,14
cs,14
cat,14
тракторного,14
kyron,14
porsche,14
derre,14
тсмаркамодельгод,14
основного,13
прочие,13
дизельныйразрешенная,13
loganгод,13
ae,13
фольксваген,13
кор,13
sf,13
бело,13
выпускакузов,13
fj,13
ву,13
рф,13
седельныймарка,13
прицепмарка,13
ое,13
ведущего,13
co,13
bj,13
shacman,13
мусоровоз,13
годаадрес,13
discovery,13
час,13
caterpillar,13
largusгод,13
mx,13
na,13
accord,13
turbo,13
tiguan,13
омская,13
области,13
июля,13
шассии,13
выпускаинвентарный,13
ар,13
daily,13
рн,13
ровер,13
cerato,13
двигателяотсутствует,13
места,13
ом,13
ох,13
premium,13
бензиновыйg,13
колесныймощность,13
установка,13
atгод,13
ярко,13
харвестер,13
хтз,13
краз,12
россиядвигатель,12
ск,12
форвардер,12
бульдозерным,12
ho,12
выпускагосударственный,12
районд,12
sdp,12
огибдд,12
грузовые,12
черныйгосударственный,12
fl,12
focus,12
ks,12
vq,12
турция,12
qashqaiгод,12
выпускаидентификационный,12
jn,12
jeep,12
серыймощность,12
ww,12
patriot,12
dj,12
sl,12
hla,12
uza,12
овд,12
установки,12
sk,12
беларусь,12
лада,12
classicгод,12
dd,12
highlander,12
ряднаязав,12
bg,12
мащины,12
ta,12
эо,12
hna,12
спец,12
серийный,12
xx,12
amt,12
отсутствуют,11
tr,11
размерымм,11
синиймощность,11
cherokee,11
еу,11
черныйрегистрационный,11
vortex,11
hyundaihyundai,11
corollaгод,11
белыйпаспорт,11
черно,11
автобусмарка,11
vгод,11
st,11
россияномер,11
государственной,11
bl,11
hm,11
уe,11
td,11
ec,11
годасвидетельство,11
сведения,11
pp,11
вмодель,11
sko,11
соединенное,11
минипогрузчик,11
енисей,11
hc,11
lacetti,11
хт,11
ct,11
желтыйзаводской,11
cls,11
ух,11
легковые,11
bs,11
третий,11
magnum,11
свид,11
кузоваотсутствуетцвет,11
белая,11
wkesd,11
скорость,11
дубликат,11
maticгод,11
выданный,11
zl,11
shantui,11
gmt,11
передвижной,11
chevroletkl,11
бортовая,11
chrysler,11
яркая,11
avensisгод,11
jtjhy,11
еа,11
хонда,11
pathfinder,11
гувд,11
установлен,11
кк,11
сав,11
fp,10
оу,10
doosan,10
синийвид,10
чокерная,10
белыймодель,10
желтыйвид,10
дз,10
синийгос,10
гцвет,10
цистернамарка,10
ср,10
трелевочная,10
tucson,10
рэг,10
увд,10
zr,10
серыйгод,10
вцвет,10
дт,10
отсутств,10
ad,10
ем,10
ам,10
шевроле,10
don,10
om,10
wdc,10
серебристо,10
ft,10
порше,10
lanosгод,10
cm,10
le,10
stralis,10
cd,10
mm,10
выпускамодельномер,10
красныйгосударственный,10
аг,10
опель,10
место,10
llsrb,10
hr,10
kogel,10
fabia,10
оранжевыйрегистрационный,10
cadillac,10
iiгод,10
вб,10
рм,10
cu,10
город,10
wvwzzz,10
черныймодель,10
fa,10
yзм,9
db,9
yong,9
freelander,9
explorer,9
автотор,9
xtt,9
вр,9
регистрацинный,9
агод,9
starex,9
dz,9
автоваз,9
красныйвид,9
lz,9
awd,9
jb,9
асфальтоукладчик,9
bp,9
бензиновыйстрана,9
другие,9
вu,9
подборщик,9
da,9
ро,9
кировец,9
shaanxi,9
hhkhz,9
sгод,9
note,9
mac,9
rf,9
aкузов,9
canter,9
ex,9
выпускарегистрационный,9
мондеогод,9
финляндия,9
синийгосударственный,9
одноковшовый,9
серыйрегистрационный,9
accent,9
columbia,9
универсальный,9
синийрегистрационный,9
xa,9
корпорейшн,9
виды,9
сvrc,9
hbh,9
луидор,9
кормоуборочный,9
pe,9
hl,9
new,9
hyunday,9
holland,9
eb,9
mokka,9
изготовительстрана,9
rusптс,9
ок,9
bz,9
перламутрово,9
hino,9
краснодарскому,9
шкода,9
вельским,9
ceratoforte,9
fg,9
tgl,9
се,8
рв,8
желто,8
hyndai,8
dl,8
местонахождения,8
седельные,8
пассажирский,8
aе,8
санкт,8
тягачи,8
амкодор,8
as,8
выданное,8
vd,8
klac,8
полуприцепы,8
tcm,8
forester,8
серыйгосударственный,8
дизельныйстрана,8
cool,8
саз,8
tga,8
свидетельству,8
af,8
ev,8
стройдормаш,8
sm,8
ода,8
авсd,8
ti,8
пассажирское,8
движения,8
чмзап,8
гидроманипулятором,8
чёрный,8
модификация,8
hcm,8
королевство,8
ширина,8
областьг,8
оранжевыймощность,8
sn,8
fs,8
капайская,8
лента,8
ночь,8
годаинв,8
мазда,8
xl,8
crossгод,8
района,8
регистр,8
wma,8
району,8
juke,8
fk,8
векторзаводской,8
госномер,8
al,8
hk,8
luxuryгод,8
договор,8
vida,8
wmah,8
ba,8
iqdbdk,8
сеспель,8
gc,8
phaser,8
ej,8
гсвидетельство,8
колесныйгод,8
синийпаспорт,8
красныйптс,8
jaguar,8
областьмарьяновский,8
упаковочная,8
cо,8
перлам,8
отрадноеул,8
sandero,8
таможенным,8
jf,8
esl,8
ssang,8
liebherr,8
lg,8
murano,8
стреловой,8
rexton,8
fkxxeebkdk,8
кзк,8
дизельныйцвет,8
mpvгод,7
учете,7
смтип,7
kangoo,7
liгод,7
тяжеловоз,7
octaviaгод,7
cw,7
инфинити,7
nh,7
февраля,7
avensis,7
золотисто,7
lгод,7
ga,7
нижегородецдвигатель,7
xcmg,7
белебейул,7
lw,7
shsre,7
lwb,7
пермскому,7
перламутр,7
connectгод,7
premiumгод,7
грузовоймарка,7
jtebu,7
желтыйптс,7
impreza,7
xwepc,7
rioцвет,7
маш,7
оранжевыйгосударственный,7
rs,7
cfn,7
бортовоймарка,7
insignia,7
уборочная,7
рено,7
макс,7
меrcedes,7
декабря,7
цельнометаллический,7
tiida,7
двигателяотсутствуетоценочная,7
mondeo,7
yeti,7
ls,7
автосамосвал,7
отсутствуетгосударственный,7
рефрижераторприцеп,7
автом,7
hгод,7
продажи,7
обл,7
выпускаvin,7
se,7
ор,7
challenger,7
хххттfхвu,7
самосвалмарка,7
купли,7
cpcd,7
tp,7
bh,7
прямого,7
ковш,7
cdiгод,7
пежо,7
spectra,7
вибрационный,7
красныйпсм,7
patrol,7
outback,7
xu,7
fst,7
bгод,7
chevroletklas,7
иж,7
mp,7
seгод,7
case,7
желтыйпсм,7
манипулятором,7
ar,7
асб,7
rovec,7
nze,7
лизинга,7
kn,7
eo,7
tf,7
трэкол,7
kuga,7
москва,7
sqr,7
комплектации,7
юмз,7
terex,7
mondeoгод,7
улица,7
tg,7
гс,7
красныйгод,7
лексус,7
glsгод,7
янаульскому,7
ncp,7
черныйгод,7
отсутствуеткоробка,7
diesel,7
александрович,7
rb,7
росс,7
легковойгосударственный,7
комплекс,7
янаул,7
ez,7
dx,7
пр,7
dxi,7
борт,7
hz,7
тягачscania,6
средний,6
te,6
yh,6
teanaгод,6
jtebh,6
picanto,6
второй,6
fr,6
crs,6
dy,6
отсутствуетмодель,6
daemo,6
обороте,6
fordford,6
улк,6
pradoгод,6
ds,6
общество,6
самосвальная,6
vnl,6
де,6
rрабочая,6
самосвалномер,6
комбайнирования,6
adr,6
установленоцвет,6
suzukisuzuki,6
dгрузовой,6
ло,6
шнековая,6
ровд,6
fusionгод,6
legacy,6
спб,6
els,6
прочий,6
рядная,6
srгод,6
dane,6
синийгод,6
перевозки,6
стройдор,6
chance,6
gpa,6
хакигосударственный,6
роспуск,6
аномер,6
тлт,6
bls,6
кгмаксимальная,6
объём,6
газроссия,6
isb,6
знакзав,6
мкз,6
kmfga,6
lwbгод,6
bjq,6
up,6
ду,6
рк,6
авто,6
kome,6
jppv,6
iaгод,6
tdiгод,6
самарская,6
werkegmbh,6
россияптс,6
nk,6
roverгод,6
фургонмарка,6
ltm,6
matizгод,6
вvin,6
stsзаводской,6
выпускасерия,6
bw,6
jtjbt,6
wdгод,6
знакак,6
основании,6
принадлежит,6
хтт,6
nt,6
вездеходное,6
описание,6
quattroгод,6
zafiraгод,6
fordfocusгод,6
ru,6
eleganceгод,6
fkxxeebkвр,6
поливооросительная,6
ys,6
автомобильscoda,6
установленцвет,6
rusцвет,6
xler,6
телескопический,6
бензиновыйразрешенная,6
серебристыйптс,6
vito,6
bk,6
он,6
комбайновый,6
jz,6
ростсельмаш,6
am,6
gg,6
красныймощность,6
colt,6
porshe,6
зелёный,6
super,6
cy,6
ch,6
желтыйпаспорт,6
годагосударственный,6
данные,6
рыхлительным,6
dbdr,6
инспекцией,6
желтыймощность,6
transporter,6
aa,6
июня,6
ck,6
tekna,6
хммр,6
oa,6
орган,6
штаты,6
escalade,6
агрегат,6
chr,6
трактора,6
захвата,6
hhihn,5
наименованиемаркамодель,5
tdi,5
doblo,5
раб,5
автотранспортное,5
китай,5
bd,5
corporation,5
красныйтип,5
три,5
грузо,5
cross,5
civic,5
drfdcb,5
corsa,5
dh,5
нефазроссия,5
модельмарка,5
nc,5
van,5
vb,5
медеорегистрационный,5
камазроссия,5
dw,5
ponsse,5
кайенн,5
primera,5
getz,5
москвы,5
авсdприцеп,5
квтрабочий,5
optima,5
мкт,5
одаз,5
wzz,5
haima,5
смрег,5
кавз,5
ll,5
зто,5
caravan,5
sdlg,5
идентификатор,5
vlg,5
aшасси,5
краном,5
wsms,5
ye,5
pc,5
автомобильмаркамодель,5
самоходныйзаводской,5
лермонтов,5
allroadгод,5
iqdbbp,5
luxury,5
lag,5
po,5
tingoгод,5
max,5
jtmht,5
hp,5
бензиновыйкузов,5
clg,5
xvn,5
мондео,5
мади,5
белорус,5
by,5
оформлялось,5
lzgjldr,5
минский,5
vec,5
eg,5
собственника,5
мазмодель,5
ra,5
touran,5
отсутствуютцвет,5
li,5
xgma,5
кузовасинийгосударственный,5
fuso,5
hilux,5
howo,5
jtnbe,5
франция,5
ee,5
посевной,5
автомобили,5
красныйгос,5
рефрижераторный,5
эллада,5
ja,5
wlhz,5
yзm,5
jac,5
жзк,5
hybridгод,5
соединенные,5
qg,5
рэп,5
марьяновского,5
зеленыйптс,5
sw,5
зеленыйвид,5
ммс,5
установленорабочий,5
вып,5
тоyota,5
century,5
авт,5
изотермическиймодель,5
умвд,5
euro,5
золотистый,5
tt,5
wjmm,5
од,5
грузовойгод,5
уc,5
ce,5
фонд,5
isx,5
kz,5
специализированное,5
районр,5
областьмоскаленский,5
рбг,5
kc,5
бензиновыйкузовкабина,5
trailгод,5
crc,5
el,5
таможенный,5
qx,5
byd,5
dз,5
черныймощность,5
cg,5
sonataгод,5
черныйг,5
vk,5
cobalt,5
bx,5
pa,5
установленкузов,5
kmfla,5
москаленкиул,5
tiidaгод,5
рио,5
ссанг,5
ua,5
энд,5
бензиновыйрабочий,5
акцентгод,5
апреля,5
товары,5
количестве,5
scenicгод,5
cdn,5
caravanгод,5
тентованный,5
lfl,5
wmal,5
epica,5
ek,5
самосвалкатегория,5
au,5
dusterгод,5
районс,5
fcdw,5
интертрейд,5
sportageгод,5
пост,5
boxerгод,5
sv,5
желтыйрегистрационный,5
фургонаф,5
лиаз,5
москваул,5
cn,5
ппцт,5
кму,5
es,5
bbs,5
du,5
серт,5
scs,5
py,5
qr,5
осударственный,5
коричневыйптс,5
черныйгос,5
афургон,4
camryг,4
тверская,4
комбинированный,4
кскп,4
ац,4
модульно,4
воротами,4
зелень,4
гидравлический,4
rz,4
бортовые,4
transporterгод,4
модельn,4
ey,4
московская,4
lj,4
автомобилю,4
сеялка,4
jmzke,4
xnir,4
дм,4
модельтип,4
кузовацвет,4
ivd,4
us,4
patriotгод,4
сиреневый,4
школьныйд,4
lp,4
легковоймаркамодель,4
mz,4
xot,4
jtnbv,4
xg,4
автоцистерна,4
vectraгод,4
удомляпер,4
mw,4
outlanderгод,4
енг,4
jtjbk,4
зеленыймощность,4
qbzl,4
ceed,4
гусеничная,4
тагаз,4
седельныйкатегория,4
xer,4
кпп,4
wkesdp,4
изготовленияцвет,4
zcfc,4
отсутствуетпаспорт,4
шириной,4
plus,4
ud,4
bu,4
часгабаритные,4
екатеринбург,4
лэнд,4
actyonгод,4
nlc,4
wv,4
tis,4
дымка,4
установленотип,4
мсн,4
уm,4
chevroletklal,4
ge,4
ka,4
lh,4
fluence,4
spr,4
partner,4
машиностроительный,4
jtmhv,4
sbe,4
скания,4
зеленыйтип,4
компания,4
транспортная,4
комплекте,4
прицепгод,4
wvgzzz,4
шмитц,4
сша,4
avanteгод,4
типа,4
вакуумная,4
bc,4
омвд,4
владелец,4
cargo,4
белого,4
базовое,4
сертификации,4
числе,4
out_pledges_,4
молотилка,4
forward,4
is,4
шассирама,4
кормов,4
ah,4
cas,4
самары,4
зерновых,4
zafira,4
культур,4
комплект,4
бордовый,4
автомобильland,4
golfгод,4
prioraмодель,4
apac,4
автофрамос,4
loganптс,4
упаковка,4
ипв,4
out_pledgors_,4
ceratoгод,4
pledges_,4
siberгод,4
ts,4
jcbjs,4
jxfa,4
тысячи,4
tgx,4
solarisцвет,4
сонатагод,4
fнмодель,4
escapeгод,4
volga,4
dp,4
pledgors_,4
ap,4
zпаспорт,4
отсутствуетпсм,4
sakai,4
foton,4
huanda,4
he,4
постом,4
серыйпаспорт,4
том,4
рас,4
besturn,4
краснодар,4
заводом,4
machinery,4
jmb,4
salfa,4
terracanгод,4
kompressor,4
уцвет,4
viano,4
ез,4
cruiserгод,4
kb,4
фреза,4
специальное,4
gd,4
wagon,4
груп,4
корп,4
jtjjm,4
rj,4
wbafg,4
групп,4
самосвалshaanxi,4
бензиновыйномер,4
бензиновыйптс,4
vogueгод,4
транзит,4
allroad,4
зип,4
демонтированных,4
частей,4
красныймодель,4
per,4
ef,4
купава,4
маркимодели,4
ндс,4
rusпаспорт,4
sanderoгод,4
jmbxtcw,4
xwb,4
escape,4
rr,4
кореяреспублика,4
нерж,4
стройдормашдвигатель,4
тяговый,4
отсутствуеттип,4
jtjbc,4
изотермическиймарка,4
корея,4
cf,4
xxxttfx,4
master,4
wsoe,4
jmblyv,4
town,4
international,4
пила,4
торговый,4
cz,4
швеция,4
универсалгод,4
forte,4
hnaномер,4
сф,4
wb,4
августа,4
hiace,4
фургонкатегория,4
автобетононасос,4
автотранспорт,4
восток,4
renaultduster,4
нижегородская,4
кедр,4
mustang,4
передвижнойsputnik,4
бензиновыйn,4
мз,4
самт,4
дорожная,4
богдан,4
cgi,4
фокусцвет,4
сибирь,4
владивостокской,4
litronic,4
легковойптс,4
лс,4
caliber,4
pt,4
liugong,4
седангод,4
седельныймаз,4
ea,4
спецназначения,4
нефтекамскул,4
свеклоуборочный,4
rusдвигатель,4
ropa,4
навешенным,4
valmet,4
магистральнаяд,4
гвx,4
gtc,4
wj,4
намм,4
елаз,4
георгин,4
rusмодель,4
серебристыймощность,4
psa,4
тентомприцеп,4
коммунальная,4
выпусканомер,4
красныйпаспорт,4
uf,4
srкатегория,4
lbl,4
mitsuber,4
имя,4
elegance,4
автомобильмарка,4
pickup,4
мая,4
jon,4
caddy,4
cxsm,4
ya,4
др,4
captiva,4
мгод,4
claas,4
вj,4
серебристыйгос,4
комсомольскаяд,4
марта,4
установленоразрешенная,4
prime,4
даймлер,4
audiaudi,4
xxeed,4
nb,4
blc,4
гусеничныймощность,4
vinvf,4
kmfzsz,4
птсе,4
xd,3
tahoe,3
xwfsk,3
автотопливозаправщик,3
венгрия,3
construction,3
jm,3
тентованныйгод,3
cdr,3
цепной,3
октавиягод,3
отсутствуеторганиз,3
бернард,3
pacificaгод,3
кроне,3
lzbr,3
германиядвигатель,3
fabiaгод,3
uyvs,3
versatile,3
сузуки,3
kompressorгод,3
турбогод,3
техпаспорта,3
maш,3
sonata,3
синийорганизация,3
легк,3
gi,3
коричневыйгосударственный,3
wwгод,3
hummer,3
вшасси,3
gp,3
laiv,3
magentis,3
ростехнадзора,3
коммунально,3
ccгод,3
tl,3
вельский,3
grup,3
bse,3
челябинский,3
субару,3
серыйшасси,3
hn,3
ghibli,3
полу,3
isme,3
to,3
xo,3
cda,3
енгод,3
дизельном,3
tcns,3
пятыйразрешенная,3
сыртлановойд,3
снежно,3
серияномердата,3
maserati,3
mc,3
специальная,3
областьгород,3
соллерс,3
афнюрнб,3
автобускатегория,3
net,3
масdon,3
измельчителем,3
металл,3
креста,3
калининградский,3
малогабаритный,3
hh,3
зерновой,3
rsoy,3
jxdk,3
stepwayгод,3
oz,3
sportback,3
эц,3
zfa,3
bt,3
мет,3
sparkгод,3
cst,3
один,3
установленномер,3
бортовойкатегория,3
воронеж,3
смодельномер,3
xsoe,3
миллион,3
заск,3
пс,3
агосударственный,3
auris,3
md,3
чгабаритные,3
pzdg,3
ppl,3
агос,3
тc,3
бгос,3
рефрижераторцвет,3
qsb,3
dbcr,3
iqda,3
fххxesfxcв,3
jtebx,3
mo,3
автомобильныйкс,3
микроавтобусhyundai,3
cruser,3
hdj,3
мак,3
права,3
сцвет,3
forklift,3
puma,3
daivler,3
asw,3
ld,3
платформойкатегории,3
cayenneгод,3
cummins,3
строительная,3
oktavia,3
мкм,3
мг,3
легковойдвигатель,3
jcbjw,3
wo,3
vsa,3
вх,3
клаас,3
выпусканаименование,3
имущественные,3
cxg,3
таможнягод,3
lm,3
th,3
бензине,3
пробег,3
иванович,3
октября,3
foresterгод,3
нивагод,3
connect,3
jukeгод,3
awdгод,3
eu,3
лавров,3
цельно,3
металлический,3
evoque,3
нижний,3
matгод,3
новгород,3
ug,3
вишневское,3
междурядье,3
секционная,3
пневматическая,3
участок,3
xi,3
лансер,3
нива,3
ladapriora,3
shda,3
sportгод,3
петербурга,3
пассатгод,3
chevroletгод,3
им,3
fuja,3
tmaju,3
defender,3
красныйрегистрационный,3
an,3
серыймодель,3
заводоуковсктюменской,3
ladarsoy,3
седанцвет,3
scoda,3
wa,3
symbol,3
kv,3
brilliance,3
черныйкузов,3
ции,3
колесныйпаспорт,3
xwdbfd,3
дэу,3
эм,3
джи,3
чебоксарское,3
mazdacx,3
ленинапромбаза,3
открытое,3
xltгод,3
прицепымарка,3
акционерное,3
полуприцепкатегория,3
aurisгод,3
подержанный,3
kmhsh,3
гостехнадзора,3
bobcat,3
заводоуковский,3
бурильная,3
jc,3
maximaгод,3
srx,3
пассаж,3
vitaraгод,3
владимирмкр,3
эд,3
jgbb,3
ацвет,3
diezel,3
pplпаспорт,3
машин,3
nз,3
sallaaa,3
lfwkwxpn,3
wk,3
uzj,3
ace,3
ehbxe,3
xty,3
грейдер,3
bf,3
разрешённая,3
вельского,3
оранжевыйвид,3
meriva,3
дисковый,3
предмета,3
абс,3
мкс,3
volksvagen,3
gw,3
дизельныйномер,3
tadano,3
kompressгод,3
gta,3
знакam,3
abb,3
сaterpillar,3
pn,3
ноябрьскаяд,3
rusтип,3
huyndai,3
комацу,3
серебристыйгод,3
ladafs,3
mighty,3
рбхайбуллинский,3
catcs,3
легковая,3
heli,3
металликрегистрационный,3
районместорождения,3
автомобильтип,3
llada,3
chevroгод,3
интернациональная,3
fiestaгод,3
tapez,3
сатps,3
picassoгод,3
verso,3
ceb,3
эксковатор,3
карнивал,3
mгод,3
уфаул,3
ne,3
юрьевецул,3
zoe,3
врег,3
tlpez,3
tdaj,3
рублях,3
bцвет,3
hv,3
dm,3
xqda,3
собственности,3
праве,3
оновной,3
тысяч,3
hiluxгод,3
kalinaцвет,3
тридцать,3
оранжевыйптс,3
седельныймодель,3
грузовойптс,3
еугод,3
мэнуфэкчуринг,3
пст,3
sp,3
белыйвид,3
россияооо,3
mlt,3
fзаводской,3
hyster,3
челябинской,3
vce,3
manitou,3
каллисто,3
auto,3
станок,3
бейлин,3
договора,3
стоимостьруб,3
руп,3
удмуртская,3
station,3
touring,3
свердловская,3
fmeu,3
белыйрыночная,3
pick,3
рекстон,3
pz,3
xwehn,3
mv,3
монтажный,3
подъемник,3
priusгод,3
ahl,3
нd,3
серыйрыночная,3
dsl,3
wm,3
ejen,3
kr,3
выданным,3
четыреста,3
dfl,3
trh,3
тех,3
голубойрегистрационный,3
sdгод,3
траншейный,3
планировочный,3
гидромолот,3
борона,3
тольятти,3
отсут,3
груз,3
квиккаплер,3
медка,3
отсутствуеткор,3
bfd,3
dmq,3
кадиллак,3
белыйшассии,3
кузовасведения,3
усилением,3
кромок,3
nmtbz,3
зеленьзаводской,3
двухосный,3
orlandokl,3
zd,3
sports,3
хаммер,3
ответственностью,3
бронзовый,3
черныйсвидетельство,3
навесным,3
ммз,3
транспортер,3
мотн,3
xvl,3
кузовабелыйгосударственный,3
мкрбелый,3
benzw,3
fruehauf,3
тентованныймарка,3
canterцвет,3
черныйразрешенная,3
модификации,3
actros,3
знакае,3
полноповоротный,3
автомобиляscania,3
дес,3
кузоване,3
nursan,3
baer,3
автовышка,3
prioraсине,3
двигателяdc,3
мl,3
hnaгод,3
mccloskey,3
узм,3
хундай,3
зеленьрегистрационный,3
дилерского,3
hmk,3
vg,3
зеленыйпаспорт,3
ижевск,3
бортов,3
камея,3
re,3
мб,3
автофургонкатегория,3
бортами,3
петербург,3
россияоао,3
круизер,3
надставными,3
серебристыймодель,3
оранжевыйпаспорт,3
trailers,3
general,3
бгод,3
теребильная,3
zw,3
jx,3
сг,3
автомобильгаз,3
автомобиляmagyar,3
медеоптс,3
ahtfz,3
сторонв,3
ty,3
мба,3
оранжево,3
tiger,3
gva,3
оценке,3
сер,3
trj,3
отсутствуетрабочий,3
titan,3
probox,3
ном,3
jmzbl,3
xip,3
польшагод,3
пtc,3
ограниченной,3
интерпартнер,3
фирма,3
залогодателю,3
sjnfbaf,3
xsara,3
яп,3
llsragh,3
wbaff,3
седельныйгод,3
указанный,3
отсутсвует,3
нидерланды,3
lbbpv,3
стрела,2
slk,2
space,2
zgpm,2
galantгод,2
crvгод,2
jmzbk,2
roverг,2
ycy,2
трехсекционная,2
pm,2
zbrz,2
jtees,2
wg,2
синийрыночная,2
гидростроителейд,2
lacettгод,2
свиридовский,2
caliberгод,2
zbbh,2
самосвалshaanqi,2
ван,2
bm,2
mkгод,2
измельчитель,2
сочлененный,2
fpxxeedpas,2
чёрныйптс,2
унифицированная,2
jsajtda,2
компрессор,2
gwjyb,2
производителем,2
выдавший,2
legacyгод,2
iiiгод,2
жигулевскул,2
выд,2
бельгиум,2
трелевочного,2
roгод,2
контейнеровоз,2
калдина,2
xufpe,2
jettaгод,2
ставрополь,2
оранженыйгосударственный,2
регист,2
amarokгод,2
оборудование,2
csx,2
вбелого,2
chanceгод,2
сухих,2
mhl,2
выпсукацвет,2
тентованныйидентификационный,2
коннов,2
денис,2
красныйзаводской,2
пневмоколесный,2
дэк,2
загрузчик,2
cobaltрег,2
гусеничного,2
renaultrenault,2
xwbjf,2
vjda,2
бдон,2
czra,2
lhsrh,2
kj,2
yz,2
зск,2
ppec,2
ycw,2
тоrum,2
tagerгод,2
микроавтобус,2
rotor,2
отсутствуетмасса,2
тзаводской,2
сентября,2
тугод,2
термобудка,2
столом,2
снх,2
автомобильная,2
повреждений,2
xwedh,2
зеленыйрегистрационный,2
областьвеневский,2
группа,2
теана,2
daimler,2
тульская,2
автомобильныймарка,2
bv,2
vcec,2
выпускаданные,2
шаньси,2
рапсовым,2
гпаспорт,2
экскаваторзаводской,2
белыйрабочий,2
холод,2
анатолий,2
свиридовокарьер,2
jmzbm,2
company,2
уп,2
колёсный,2
renaultloganсиний,2
выпускаизготовитель,2
герасименко,2
синиймодель,2
инд,2
subarusubaru,2
яузскаяд,2
торгово,2
inc,2
изотермич,2
pacton,2
sens,2
сдельный,2
primeraгод,2
тёмно,2
легковому,2
уфимским,2
maverick,2
lvin,2
ивеко,2
industries,2
heavy,2
hyundaie,2
туймазинский,2
га,2
отсуствуеткузов,2
фронтальныймарка,2
автобетоновозов,2
columbiaцвет,2
вишневыйптс,2
sti,2
дс,2
езаводской,2
уазмодель,2
cyp,2
кормовvin,2
caw,2
ащэ,2
пзаводской,2
vsj,2
клинцовский,2
pzcg,2
модельдвигатель,2
скс,2
lanсer,2
bbгрузовой,2
синийкузов,2
автокрановый,2
белебеймсо,2
сорма,2
союз,2
meganeгод,2
superb,2
transitгод,2
глубокорыхлитель,2
cedes,2
бас,2
fordtransit,2
txttptbp,2
changan,2
беркутдвигатель,2
выпска,2
убг,2
fххxesfxcd,2
прочиегод,2
буровая,2
nbc,2
mer,2
farmer,2
wfохххттfхвu,2
agri,2
цистернаппц,2
union,2
оборачиватель,2
машдвигатель,2
пассажир,2
витальевич,2
техпро,2
русдата,2
автовазроссия,2
tant,2
пмс,2
crdi,2
partnerгод,2
трак,2
гооо,2
серебристыйг,2
дорожно,2
vskcvnd,2
captivaгод,2
gyy,2
сре,2
цистернаhuanda,2
седельныйshaanxi,2
ппц,2
benzмодель,2
pack,2
hе,2
xufta,2
klit,2
кгстрана,2
pka,2
cherokeeгод,2
tribecaгод,2
ман,2
np,2
виктор,2
чернов,2
lcn,2
zeg,2
xtars,2
аy,2
оранжевого,2
drfdbp,2
jxjdd,2
пакетир,2
кол,2
бульд,2
обор,2
патриот,2
фолксваген,2
metal,2
тигуан,2
crafter,2
ehz,2
gдвигатель,2
sjnjaaj,2
dalian,2
ozgul,2
плющилка,2
сссвидетельство,2
дизельныймощность,2
уралгос,2
ленинградская,2
комн,2
wba,2
отделение,2
могтор,2
калинина,2
составляет,2
dgb,2
валочно,2
вд,2
agro,2
полуприцепомгос,2
мазбеларусь,2
снг,2
балтии,2
паджеро,2
lo,2
pajeroгод,2
lt,2
safari,2
тнт,2
sdмодель,2
инвалидов,2
sзаводской,2
hт,2
jttjbm,2
насосная,2
skodarapid,2
rcbp,2
таиланд,2
bobcatдвигатель,2
rusгод,2
wy,2
девятьсот,2
кировский,2
гдвигатель,2
bvb,2
vjgue,2
двигателяямз,2
всего,2
самосвалцвет,2
осгод,2
залога,2
cherry,2
отрезная,2
fzj,2
свердловской,2
усорезная,2
ducatoцвет,2
раздвижной,2
сед,2
nqr,2
като,2
хаки,2
hiluxмодель,2
стол,2
фургонfiat,2
amarok,2
tourismo,2
rhd,2
bsf,2
traviqгод,2
editaacg,2
putzmеister,2
регистра,2
vectra,2
псс,2
всгос,2
всгод,2
единиц,2
двух,2
дискадля,2
вазlada,2
агрегирования,2
гранат,2
трактором,2
мощностью,2
автомобильмодель,2
новостроящаяся,2
сызраньул,2
урб,2
бел,2
бурения,2
seat,2
авантюрин,2
грузовойкатегории,2
coltd,2
армавиругосударственный,2
шассикатегории,2
металликгосударственный,2
мультилифт,2
тсгод,2
wolj,2
автомобильныйинв,2
тг,2
ахгод,2
топливнозаправщик,2
трансортного,2
xxxttfxb,2
makita,2
тfn,2
аbсdприцеп,2
stцвет,2
ifuja,2
вологодские,2
corsaгод,2
estinaгод,2
jtjhtoow,2
trakker,2
cuv,2
калининградской,2
областной,2
motors,2
топливе,2
государстврегистрационный,2
двигател,2
перламутрптс,2
гранд,2
кп,2
did,2
заводск,2
зеленыйгос,2
кск,2
vлегковойгод,2
аренды,2
vector,2
электрическая,2
дрель,2
wijnveen,2
цб,2
dawoo,2
padjero,2
audiq,2
kh,2
mst,2
отсутствуетразрешенная,2
sta,2
автомат,2
ellinghaus,2
бензивой,2
безнагрузкикг,2
fcnh,2
mn,2
sjnbban,2
vanгрузовой,2
txtgf,2
shsrd,2
qvfa,2
mazdamazda,2
черныйдвигатель,2
черныйтип,2
карина,2
лесовозный,2
xweku,2
cvs,2
shjls,2
уэс,2
дервейс,2
cgw,2
рубля,2
пятьдесят,2
миллиона,2
сумму,2
fhxxeedhbc,2
aoda,2
колесныйгосударственный,2
установленосновной,2
неустановленкузов,2
riiзаводской,2
llsrabh,2
ue,2
czce,2
rusпробег,2
fcbw,2
ih,2
bomag,2
vp,2
копеек,2
годадвигатель,2
plsцвет,2
hammer,2
grgn,2
выдавшей,2
организации,2
кгнаименование,2
бензиновыймасса,2
szz,2
xсx,2
maniscopic,2
xtx,2
welgro,2
комбикорма,2
авс,2
wman,2
рефрижератормарка,2
pilot,2
solar,2
надставных,2
до,2
jabu,2
кузовасинийг,2
ebp,2
pb,2
бензиновыйl,2
ноября,2
jmzer,2
nzt,2
jacu,2
tks,2
mddccb,2
уp,2
kacu,2
kmfzcz,2
iiпаспорт,2
мобильное,2
содержания,2
кузовасиний,2
кузовасеребристыйгосударственный,2
замес,2
отсутсвуеткузов,2
смесителя,2
производительность,2
mobile,2
бетонный,2
мобильный,2
zcg,2
нет,2
фургонв,2
ebs,2
dci,2
fortwo,2
smart,2
бкутпаспорт,2
jp,2
mebi,2
кузоваотсутствует,2
camryчерный,2
bn,2
xuuya,2
выпускаидентификатор,2
максим,2
вилочный,2
рублейзалоговой,2
белыймасса,2
колесныйзаводской,2
xn,2
rа,2
адресу,2
складрыночная,2
лесопарковаяд,2
сыктывкарул,2
lca,2
кондиционер,2
nkr,2
назначения,2
cтоимость,2
fokus,2
месту,2
антрацит,2
гришин,2
легковойкатегории,2
регисрационный,2
хтl,2
кзкт,2
ттм,2
плавающий,2
смодель,2
челябинскул,2
anrs,2
xj,2
елецков,2
белыйсобственник,2
tingo,2
изготовление,2
легковое,2
защитный,2
хтр,2
дымчатый,2
nгод,2
bzar,2
mdxгод,2
carina,2
аккорд,2
камчатскому,2
rusсостоящий,2
pd,2
грузовому,2
xufja,2
acura,2
scp,2
металик,2
голубойпаспорт,2
landcruiser,2
cdz,2
мполуприцеп,2
rd,2
реквизиты,2
sz,2
wbsgz,2
бе,2
промывки,2
легковоегод,2
jtjhf,2
harrierцвет,2
acu,2
vaderstad,2
eо,2
прицепной,2
автоматом,2
мнаименование,2
унимилк,2
доильная,2
линейная,2
бти,2
hgcr,2
hun,2
устанвленкор,2
строительстваремонта,2
верке,2
gh,2
универсальная,2
инн,2
право,2
merctdes,2
оборудования,2
смзаводской,2
toyotacamry,2
hyundaii,2
vinотсутствуетнаименование,2
выпускастрана,2
tiangong,2
тест,2
sg,2
corona,2
сr,2
vskjvwr,2
врегистрационный,2
harrier,2
обществом,2
акционерным,2
hamm,2
края,2
sa,2
годдвигатель,2
кгорганизация,2
toyotaмодель,2
camc,2
ставропольского,2
замена,2
sjnfbnji,2
серого,2
express,2
механический,2
ульяновский,2
управлением,2
австрия,2
elysee,2
серыйпсм,2
cao,2
wddlj,2
серыйномерной,2
асros,2
омской,2
богдангос,2
фокусгос,2
самосвалкамаз,2
платформойкатегория,2
грузовая,2
гзаводской,2
hundai,2
многоцветный,2
tundra,2
бензин,2
toyotaland,2
ростелеком,2
пту,2
сгос,2
ёмкость,2
инспекции,2
kx,2
hyundaiмодель,2
quattro,2
цельнометаллическийптс,2
canterгрузовой,2
зеленыйгод,2
vogele,2
ladagranta,2
toyotarav,2
kiario,2
roomster,2
цве,2
цементовоз,2
kiarioбелый,2
toyta,2
засвияжский,2
grandis,2
baryval,2
северо,2
fz,2
камри,2
lanos,2
мномер,2
кузовабелый,2
djdta,2
bps,2
sallmam,2
колесныйрегистрационный,2
isbе,2
spitzer,2
eut,2
xlur,2
feldbinder,2
nзаводской,2
ижевскмашина,2
ижклининг,2
bгосударственный,2
rзаводской,2
митсубер,2
бензиновыйb,2
bsr,2
fmxxeebmcy,2
адд,2
снегоболотоход,2
jсв,2
мустанг,2
сварочный,2
rm,2
tlb,2
вгос,2
jtmcv,2
синийжелтый,2
дизельныйптс,2
вп,2
кадд,2
агрегате,2
limited,2
qb,2
rom,2
пк,2
hgi,2
tu,2
wbafu,2
желтыйсвидетельство,2
stavic,2
графитовый,2
kaномер,2
px,2
buffalo,2
cгод,2
польша,2
tfg,2
cgm,2
izr,2
белыйавтомобиль,2
дизельптс,2
pradoцвет,2
ям,2
cцвет,2
хцвет,2
газовый,2
фургоном,2
fujbbck,2
изотермическим,2
nor,2
kmhwh,2
атз,2
hu,2
mbn,2
ln,2
гвjcb,2
jmbsrcs,2
vm,2
гвн,2
бетоносмеситель,2
наш,2
молотильный,2
комбайну,2
разбрасывателемредукторомкондиционеромотопителемвоздушным,2
shaanqi,2
менеджмент,2
туареггод,2
soulцвет,2
gana,2
carisma,2
бледно,2
jthbj,2
абак,2
гк,2
постомгод,2
челябинским,2
kegel,2
bmwbmw,2
роман,2
tx,2
культиватор,2
автодороги,2
районна,2
альмера,2
octaviaцвет,2
aveoгод,2
эвакуатор,2
черныйпаспорт,2
ntbnt,2
синийсвидетельство,2
годы,2
самосвалмаркамодель,2
hsz,2
бортовойцвет,2
самосвалбцм,2
бн,2
jtmbe,2
fusion,2
cfe,2
nbbuj,2
taрегистрационный,2
jmzgg,2
владимирович,2
сергей,2
камазмодель,2
tany,2
петербургский,2
комбайновым,2
jthcl,2
lacettiгод,2
kerax,2
yanmar,2
нпф,2
две,2
квтцвет,2
москвацвет,2
sunny,2
type,2
белыйvin,2
xtaks,2
vinx,2
нyundai,2
bsp,2
белыйсвидетельство,2
ade,2
skodaskoda,2
camryтип,2
kyгод,2
countryгод,2
пом,2
ул,2
presage,2
волгоградской,2
рамтс,2
могто,2
orlando,2
cgiгод,2
sportageцвет,2
синийтип,2
серебристыйрегистрационный,2
кзаводской,2
отсутствуетптс,2
россияпаспорт,2
мзаводской,2
lvbvjcfk,2
опмрэо,2
cmt,2
голубойптс,2
фиолетовый,2
atvt,2
alloy,2
мебельный,2
stsгод,2
индентификационный,2
fdxxeebdbe,2
wvgzg,2
dv,2
бензиновыйэкологический,2
коричневыйгод,2
comfort,2
kmhdn,2
sportsгод,2
variant,2
gyfk,2
peгод,2
elantraгод,2
tу,2
fld,2
изотермическийutillityvs,2
indastries,2
ssc,2
балкоукладчик,2
калининградская,2
gq,2
раммы,2
picasso,2
травяной,2
паспорттранспортного,2
dtv,2
tdciгод,2
siennaгод,2
сa,2
уh,2
swift,2
бензиновыйm,2
изотермическийdorseyltgd,2
нексиягод,2
terracan,2
sorentoгод,2
ucap,2
wкеsdp,2
xfg,2
опа,2
комби,2
металликмодель,2
ksbp,2
kpts,2
knaku,2
белыйдвигатель,2
днестр,2
буксировщик,2
jtmddrev,2
погрузчикмарка,2
отсутствуетнаименование,2
arbetsvagnar,2
fсt,2
jmzun,2
sdl,2
pгод,2
saab,2
versoгод,2
teknaгод,2
typeгод,2
touranгод,2
дискавери,2
pacifica,2
srxгод,2
астрагод,2
xep,2
fluenceгод,2
berlingoгод,2
fsa,2
limitedгод,2
кайрон,2
кгод,2
spectraгод,2
spd,2
skbs,2
тентованныйптс,2
magirus,2
фракций,2
жидких,2
установленомасса,2
прицепмодельномер,2
sdr,2
xe,2
stгрузовой,2
cli,2
бо,2
автофургонмарка,2
ranger,2
pilotгод,2
сельскохозяйственный,2
xwfs,2
br,2
го,2
эквипмент,2
псж,2
бдд,2
михайловский,2
xvцвет,2
cukurova,2
cxsmc,2
slpjs,2
бензиновыйvq,2
бортовойптс,2
bкузов,2
белыйшасси,2
prius,2
кпдр,2
принадлежностей,2
ремонта,2
обслуживания,2
gгод,2
jhhzcp,2
комбайна,2
xsc,2
компакт,2
погрузчикvolvo,2
edca,2
ns,2
зедельгемул,2
бельгияг,2
belgiu,2
cnh,2
платф,2
fjxd,2
wirtgen,2
мануфактуринг,2
plmp,2
юк,2
бензиновыйk,2
крайслер,2
ub,2
xweff,2
merсedes,2
италия,2
асертификат,2
venga,2
vth,2
мотоцикл,2
трёхосный,2
тента,2
бортовойбез,2
vlur,2
fielder,2
кабинаприцепа,2
марина,2
бцм,2
стальной,2
автомобильныйкатегория,2
цветкузова,2
цельнометаллическими,2
черныйномерной,2
hiaceгод,2
gb,2
ryu,2
ульяновская,2
tukano,2
kaкузов,2
грузового,2
et,2
ebej,2
amarokцвет,2
инж,2
passatптс,2
бежевыйгосударственный,2
mg,2
отсутствуетпо,2
красныйномер,2
hzeh,2
приобретаемый,2
легаси,2
hummerh,2
ssangyongssangyong,2
df,2
cp,2
нивагос,2
аоот,2
дисковая,2
взаводской,2
cbz,2
транспортной,2
adgl,2
января,2
vцвет,2
fi,2
fendt,2
ares,2
серыйидентификационный,2
производство,2
vv,2
шторно,2
медео,2
вакуумнаяптс,2
мусоровозптс,2
vanгод,2
молочно,2
пресс,2
xuutf,2
chereau,2
нp,2
нo,2
автомобильford,2
samro,2
xs,2
saгод,2
jmzgj,2
wkosnc,2
lvbvcjea,2
мега,2
ldo,2
xtarsoy,2
yb,2
dba,2
маn,2
ejc,2
fmxxeebmdj,2
agco,2
топливеэкологический,2
wvgbc,2
автофургонмодель,2
tnc,2
wde,2
цет,2
lavitaгод,2
lmg,2
chevrolгод,2
maxгод,2
kumpan,2
lgwff,2
изготовлениямодель,2
белыйномер,2
сптс,2
jingjiang,2
jiangsu,2
xts,2
di,2
